Arquivo,Data,Hora,Data/Hora,Status,Texto IA
WhatsApp Image 2026-09-09 at 18.07.33 (1).jpeg,09/09/2026,15:15:52.775,09/09/2026 15:15:52.775,OK,09/09/2026 15:15:52.775
WhatsApp Image 2026-09-09 at 18.07.33.jpeg,09/09/2026,15:15:53.495,09/09/2026 15:15:53.495,OK,09/09/2026 15:15:53.495
WhatsApp Image 2026-09-09 at 18.07.32 (3).jpeg,09/09/2026,15:15:55.020,09/09/2026 15:15:55.020,OK,09/09/2026 15:15:55.020
WhatsApp Image 2026-09-09 at 18.07.32 (4).jpeg,09/09/2026,15:15:56.674,09/09/2026 15:15:56.674,OK,09/09/2026 15:15:56.674
WhatsApp Image 2026-09-09 at 18.07.32 (2).jpeg,09/09/2026,15:15:58.492,09/09/2026 15:15:58.492,OK,09/09/2026 15:15:58.492
WhatsApp Image 2026-09-09 at 18.07.32 (1).jpeg,09/09/2026,15:16:04.806,09/09/2026 15:16:04.806,OK,09/09/2026 15:16:04.806
WhatsApp Image 2026-09-09 at 18.07.31 (4).jpeg,09/09/2026,15:16:05.432,09/09/2026 15:16:05.432,OK,09/09/2026 15:16:05.432
WhatsApp Image 2026-09-09 at 18.07.32.jpeg,09/09/2026,15:16:10.734,09/09/2026 15:16:10.734,OK,09/09/2026 15:16:10.734
WhatsApp Image 2026-09-09 at 18.07.31 (5).jpeg,09/09/2026,15:16:14.567,09/09/2026 15:16:14.567,OK,09/09/2026 15:16:14.567
WhatsApp Image 2026-09-09 at 18.07.31 (3).jpeg,09/09/2026,15:16:16.314,09/09/2026 15:16:16.314,OK,09/09/2026 15:16:16.314
WhatsApp Image 2026-09-09 at 18.07.31.jpeg,09/09/2026,15:16:17.023,09/09/2026 15:16:17.023,OK,09/09/2026 15:16:17.023
WhatsApp Image 2026-09-09 at 18.07.31 (2).jpeg,09/09/2026,15:16:19.000,09/09/2026 15:16:19.000,OK,09/09/2026 15:16:19.000
WhatsApp Image 2026-09-09 at 18.07.31 (1).jpeg,09/09/2026,15:16:25.312,09/09/2026 15:16:25.312,OK,09/09/2026 15:16:25.312
WhatsApp Image 2026-09-09 at 18.07.30 (4).jpeg,09/09/2026,15:16:26.086,09/09/2026 15:16:26.086,OK,09/09/2026 15:16:26.086
WhatsApp Image 2026-09-09 at 18.07.30 (1).jpeg,09/09/2026,15:16:34.203,09/09/2026 15:16:34.203,OK,09/09/2026 15:16:34.203
WhatsApp Image 2026-09-09 at 18.07.30 (3).jpeg,09/09/2026,15:16:36.022,09/09/2026 15:16:36.022,OK,09/09/2026 15:16:36.022
WhatsApp Image 2026-09-09 at 18.07.30 (2).jpeg,09/09/2026,15:16:39.290,09/09/2026 15:16:39.290,OK,09/09/2026 15:16:39.290
WhatsApp Image 2026-09-09 at 18.07.30.jpeg,09/09/2026,15:16:41.280,09/09/2026 15:16:41.280,OK,09/09/2026 15:16:41.280
WhatsApp Image 2026-09-09 at 18.07.28 (3).jpeg,09/09/2026,15:17:04.451,09/09/2026 15:17:04.451,OK,09/09/2026 15:17:04.451
WhatsApp Image 2026-09-09 at 18.07.29 (1).jpeg,09/09/2026,15:17:05.325,09/09/2026 15:17:05.325,OK,09/09/2026 15:17:05.325
WhatsApp Image 2026-09-09 at 18.07.29.jpeg,09/09/2026,15:17:08.496,09/09/2026 15:17:08.496,OK,09/09/2026 15:17:08.496
WhatsApp Image 2026-09-09 at 18.07.28 (2).jpeg,09/09/2026,15:17:20.469,09/09/2026 15:17:20.469,OK,09/09/2026 15:17:20.469
WhatsApp Image 2026-09-09 at 18.07.27 (2).jpeg,09/09/2026,15:17:22.213,09/09/2026 15:17:22.213,OK,09/09/2026 15:17:22.213
WhatsApp Image 2026-09-09 at 18.07.28 (1).jpeg,09/09/2026,15:17:23.360,09/09/2026 15:17:23.360,OK,09/09/2026 15:17:23.360
WhatsApp Image 2026-09-09 at 18.07.28.jpeg,09/09/2026,15:17:26.656,09/09/2026 15:17:26.656,OK,09/09/2026 15:17:26.656
WhatsApp Image 2026-09-09 at 18.07.27 (1).jpeg,09/09/2026,15:17:31.530,09/09/2026 15:17:31.530,OK,09/09/2026 15:17:31.530
WhatsApp Image 2026-09-09 at 18.07.26 (2).jpeg,09/09/2026,15:17:47.680,09/09/2026 15:17:47.680,OK,09/09/2026 15:17:47.680
WhatsApp Image 2026-09-09 at 18.07.27.jpeg,09/09/2026,15:17:49.574,09/09/2026 15:17:49.574,OK,09/09/2026 15:17:49.574
WhatsApp Image 2026-09-09 at 18.07.26 (3).jpeg,09/09/2026,15:17:50.600,09/09/2026 15:17:50.600,OK,09/09/2026 15:17:50.600
WhatsApp Image 2026-09-09 at 18.07.26 (1).jpeg,09/09/2026,15:17:51.994,09/09/2026 15:17:51.994,OK,09/09/2026 15:17:51.994
WhatsApp Image 2026-09-09 at 18.07.25 (3).jpeg,09/09/2026,15:17:55.009,09/09/2026 15:17:55.009,OK,09/09/2026 15:17:55.009
WhatsApp Image 2026-09-09 at 18.07.26.jpeg,09/09/2026,15:18:00.861,09/09/2026 15:18:00.861,OK,09/09/2026 15:18:00.861
WhatsApp Image 2026-09-09 at 18.07.25 (4).jpeg,09/09/2026,15:18:01.649,09/09/2026 15:18:01.649,OK,09/09/2026 15:18:01.649
WhatsApp Image 2026-09-09 at 18.07.25 (2).jpeg,09/09/2026,15:18:06.891,09/09/2026 15:18:06.891,OK,09/09/2026 15:18:06.891
WhatsApp Image 2026-09-09 at 18.07.24 (5).jpeg,09/09/2026,15:18:07.663,09/09/2026 15:18:07.663,OK,09/09/2026 15:18:07.663
WhatsApp Image 2026-09-09 at 18.07.25 (1).jpeg,09/09/2026,15:28:12.766,09/09/2026 15:28:12.766,OK,09/09/2026 15:28:12.766
WhatsApp Image 2026-09-09 at 18.07.25.jpeg,09/09/2026,15:28:14.138,09/09/2026 15:28:14.138,OK,09/09/2026 15:28:14.138
WhatsApp Image 2026-09-09 at 18.07.24 (4).jpeg,09/09/2026,15:28:15.168,09/09/2026 15:28:15.168,OK,09/09/2026 15:28:15.168
WhatsApp Image 2026-09-09 at 18.07.24 (1).jpeg,09/09/2026,15:28:16.378,09/09/2026 15:28:16.378,OK,09/09/2026 15:28:16.378
WhatsApp Image 2026-09-09 at 18.07.24 (3).jpeg,09/09/2026,15:28:17.635,09/09/2026 15:28:17.635,OK,09/09/2026 15:28:17.635
WhatsApp Image 2026-09-09 at 18.07.24 (2).jpeg,09/09/2026,15:28:19.888,09/09/2026 15:28:19.888,OK,09/09/2026 15:28:19.888
WhatsApp Image 2026-09-09 at 18.07.24.jpeg,09/09/2026,15:28:20.761,09/09/2026 15:28:20.761,OK,09/09/2026 15:28:20.761
WhatsApp Image 2026-09-09 at 18.07.17 (1).jpeg,09/09/2026,16:04:46.000,09/09/2026 16:04:46.000,OK,09/09/2026 16:04:46.000
WhatsApp Image 2026-09-09 at 18.07.23.jpeg,09/09/2026,16:04:48.661,09/09/2026 16:04:48.661,OK,09/09/2026 16:04:48.661
WhatsApp Image 2026-09-09 at 18.07.17 (2).jpeg,09/09/2026,16:04:49.557,09/09/2026 16:04:49.557,OK,09/09/2026 16:04:49.557
WhatsApp Image 2026-09-09 at 18.07.17.jpeg,09/09/2026,16:04:50.547,09/09/2026 16:04:50.547,OK,09/09/2026 16:04:50.547
WhatsApp Image 2026-09-09 at 18.07.16 (1).jpeg,09/09/2026,16:25:09.372,09/09/2026 16:25:09.372,OK,09/09/2026 16:25:09.372
WhatsApp Image 2026-09-09 at 18.07.16.jpeg,09/09/2026,16:25:11.649,09/09/2026 16:25:11.649,OK,09/09/2026 16:25:11.649
WhatsApp Image 2026-09-09 at 18.07.09.jpeg,09/09/2026,16:25:12.892,09/09/2026 16:25:12.892,OK,09/09/2026 16:25:12.892
WhatsApp Image 2026-09-09 at 18.07.08 (5).jpeg,09/09/2026,16:25:13.496,09/09/2026 16:25:13.496,OK,09/09/2026 16:25:13.496
WhatsApp Image 2026-09-09 at 18.07.08 (4).jpeg,09/09/2026,16:25:26.329,09/09/2026 16:25:26.329,OK,09/09/2026 16:25:26.329
WhatsApp Image 2026-09-09 at 18.07.08 (3).jpeg,09/09/2026,16:25:27.059,09/09/2026 16:25:27.059,OK,09/09/2026 16:25:27.059
WhatsApp Image 2026-09-09 at 18.07.08 (2).jpeg,09/09/2026,16:25:28.452,09/09/2026 16:25:28.452,OK,09/09/2026 16:25:28.452
WhatsApp Image 2026-09-09 at 18.07.08 (1).jpeg,09/09/2026,16:25:30.161,09/09/2026 16:25:30.161,OK,09/09/2026 16:25:30.161
WhatsApp Image 2026-09-09 at 18.07.08.jpeg,09/09/2026,16:25:31.308,09/09/2026 16:25:31.308,OK,09/09/2026 16:25:31.308
WhatsApp Image 2026-09-09 at 18.07.07 (4).jpeg,09/09/2026,16:25:33.724,09/09/2026 16:25:33.724,OK,09/09/2026 16:25:33.724
WhatsApp Image 2026-09-09 at 18.07.07 (3).jpeg,09/09/2026,16:25:34.916,09/09/2026 16:25:34.916,OK,09/09/2026 16:25:34.916
WhatsApp Image 2026-09-09 at 18.07.07 (2).jpeg,09/09/2026,16:30:34.528,09/09/2026 16:30:34.528,OK,09/09/2026 16:30:34.528
WhatsApp Image 2026-09-09 at 18.07.07 (1).jpeg,09/09/2026,16:30:35.573,09/09/2026 16:30:35.573,OK,09/09/2026 16:30:35.573
WhatsApp Image 2026-09-09 at 18.07.07.jpeg,09/09/2026,16:30:36.328,09/09/2026 16:30:36.328,OK,09/09/2026 16:30:36.328
WhatsApp Image 2026-09-09 at 18.07.06 (5).jpeg,09/09/2026,16:30:49.424,09/09/2026 16:30:49.424,OK,09/09/2026 16:30:49.424
WhatsApp Image 2026-09-09 at 18.07.06 (4).jpeg,09/09/2026,16:30:50.422,09/09/2026 16:30:50.422,OK,09/09/2026 16:30:50.422
WhatsApp Image 2026-09-09 at 18.07.06.jpeg,09/09/2026,16:30:51.728,09/09/2026 16:30:51.728,OK,09/09/2026 16:30:51.728
WhatsApp Image 2026-09-09 at 18.07.06 (2).jpeg,09/09/2026,16:31:09.746,09/09/2026 16:31:09.746,OK,09/09/2026 16:31:09.746
WhatsApp Image 2026-09-09 at 18.07.06 (3).jpeg,09/09/2026,16:31:10.570,09/09/2026 16:31:10.570,OK,09/09/2026 16:31:10.570
WhatsApp Image 2026-09-09 at 18.07.06 (1).jpeg,09/09/2026,16:31:11.233,09/09/2026 16:31:11.233,OK,09/09/2026 16:31:11.233
WhatsApp Image 2026-09-09 at 18.07.05 (1).jpeg,09/09/2026,16:31:21.274,09/09/2026 16:31:21.274,OK,09/09/2026 16:31:21.274
WhatsApp Image 2026-09-09 at 18.07.05 (3).jpeg,09/09/2026,16:31:23.085,09/09/2026 16:31:23.085,OK,09/09/2026 16:31:23.085
WhatsApp Image 2026-09-09 at 18.07.05 (4).jpeg,09/09/2026,16:31:26.893,09/09/2026 16:31:26.893,OK,09/09/2026 16:31:26.893
WhatsApp Image 2026-09-09 at 18.07.05 (2).jpeg,09/09/2026,16:31:30.703,09/09/2026 16:31:30.703,OK,09/09/2026 16:31:30.703
WhatsApp Image 2026-09-09 at 18.07.05.jpeg,09/09/2026,16:31:31.162,09/09/2026 16:31:31.162,OK,09/09/2026 16:31:31.162
WhatsApp Image 2026-09-09 at 18.07.04 (3).jpeg,09/09/2026,16:33:30.876,09/09/2026 16:33:30.876,OK,09/09/2026 16:33:30.876
WhatsApp Image 2026-09-09 at 18.07.04 (4).jpeg,09/09/2026,16:33:32.406,09/09/2026 16:33:32.406,OK,09/09/2026 16:33:32.406
WhatsApp Image 2026-09-09 at 18.07.04 (2).jpeg,09/09/2026,16:33:34.586,09/09/2026 16:33:34.586,OK,09/09/2026 16:33:34.586
WhatsApp Image 2026-09-09 at 18.07.04 (1).jpeg,09/09/2026,16:34:15.846,09/09/2026 16:34:15.846,OK,09/09/2026 16:34:15.846
WhatsApp Image 2026-09-09 at 18.07.03 (3).jpeg,09/09/2026,16:34:17.558,09/09/2026 16:34:17.558,OK,09/09/2026 16:34:17.558
WhatsApp Image 2026-09-09 at 18.07.03 (4).jpeg,09/09/2026,16:34:18.381,09/09/2026 16:34:18.381,OK,09/09/2026 16:34:18.381
WhatsApp Image 2026-09-09 at 18.07.04.jpeg,09/09/2026,16:34:21.738,09/09/2026 16:34:21.738,OK,09/09/2026 16:34:21.738
WhatsApp Image 2026-09-09 at 18.07.03 (5).jpeg,09/09/2026,16:34:24.070,09/09/2026 16:34:24.070,OK,09/09/2026 16:34:24.070
WhatsApp Image 2026-09-09 at 18.07.03.jpeg,09/09/2026,16:34:25.535,09/09/2026 16:34:25.535,OK,09/09/2026 16:34:25.535
WhatsApp Image 2026-09-09 at 18.07.03 (1).jpeg,09/09/2026,16:34:26.494,09/09/2026 16:34:26.494,OK,09/09/2026 16:34:26.494
WhatsApp Image 2026-09-09 at 18.07.03 (2).jpeg,09/09/2026,16:34:29.551,09/09/2026 16:34:29.551,OK,09/09/2026 16:34:29.551
WhatsApp Image 2026-09-09 at 18.07.02 (1).jpeg,09/09/2026,17:06:32.481,09/09/2026 17:06:32.481,OK,09/09/2026 17:06:32.481
WhatsApp Image 2026-09-09 at 18.07.02 (3).jpeg,09/09/2026,17:06:33.651,09/09/2026 17:06:33.651,OK,09/09/2026 17:06:33.651
WhatsApp Image 2026-09-09 at 18.07.02 (2).jpeg,09/09/2026,17:06:35.286,09/09/2026 17:06:35.286,OK,09/09/2026 17:06:35.286
WhatsApp Image 2026-09-09 at 18.07.02.jpeg,09/09/2026,17:06:40.995,09/09/2026 17:06:40.995,OK,09/09/2026 17:06:40.995
WhatsApp Image 2026-09-09 at 18.07.01 (3).jpeg,09/09/2026,17:06:41.617,09/09/2026 17:06:41.617,OK,09/09/2026 17:06:41.617
WhatsApp Image 2026-09-09 at 18.07.01 (5).jpeg,09/09/2026,17:06:49.089,09/09/2026 17:06:49.089,OK,09/09/2026 17:06:49.089
WhatsApp Image 2026-09-09 at 18.07.01 (4).jpeg,09/09/2026,17:06:50.901,09/09/2026 17:06:50.901,OK,09/09/2026 17:06:50.901
WhatsApp Image 2026-09-09 at 18.07.01 (2).jpeg,09/09/2026,17:07:14.641,09/09/2026 17:07:14.641,OK,09/09/2026 17:07:14.641
WhatsApp Image 2026-09-09 at 18.07.00 (4).jpeg,09/09/2026,17:07:15.829,09/09/2026 17:07:15.829,OK,09/09/2026 17:07:15.829
WhatsApp Image 2026-09-09 at 18.07.01 (1).jpeg,09/09/2026,17:07:16.495,09/09/2026 17:07:16.495,OK,09/09/2026 17:07:16.495
WhatsApp Image 2026-09-09 at 18.07.01.jpeg,09/09/2026,17:07:20.638,09/09/2026 17:07:20.638,OK,09/09/2026 17:07:20.638
WhatsApp Image 2026-09-09 at 18.07.00 (3).jpeg,09/09/2026,17:07:21.204,09/09/2026 17:07:21.204,OK,09/09/2026 17:07:21.204
WhatsApp Image 2026-09-09 at 18.07.00 (1).jpeg,09/09/2026,17:36:05.965,09/09/2026 17:36:05.965,OK,09/09/2026 17:36:05.965
WhatsApp Image 2026-09-09 at 18.07.00 (2).jpeg,09/09/2026,17:36:06.595,09/09/2026 17:36:06.595,OK,09/09/2026 17:36:06.595
WhatsApp Image 2026-09-09 at 18.07.00.jpeg,09/09/2026,17:46:45.339,09/09/2026 17:46:45.339,OK,09/09/2026 17:46:45.339
WhatsApp Image 2026-09-09 at 18.06.59 (4).jpeg,09/09/2026,17:46:47.945,09/09/2026 17:46:47.945,OK,09/09/2026 17:46:47.945
WhatsApp Image 2026-09-09 at 18.06.59 (2).jpeg,09/09/2026,17:46:49.071,09/09/2026 17:46:49.071,OK,09/09/2026 17:46:49.071
WhatsApp Image 2026-09-09 at 18.06.59 (3).jpeg,09/09/2026,17:46:51.405,09/09/2026 17:46:51.405,OK,09/09/2026 17:46:51.405
WhatsApp Image 2026-09-09 at 18.06.59 (1).jpeg,09/09/2026,17:46:52.874,09/09/2026 17:46:52.874,OK,09/09/2026 17:46:52.874
WhatsApp Image 2026-09-09 at 18.06.59.jpeg,09/09/2026,17:47:39.478,09/09/2026 17:47:39.478,OK,09/09/2026 17:47:39.478
WhatsApp Image 2026-09-09 at 18.06.52 (3).jpeg,09/09/2026,17:47:40.393,09/09/2026 17:47:40.393,OK,09/09/2026 17:47:40.393
WhatsApp Image 2026-09-09 at 18.06.53 (1).jpeg,09/09/2026,17:48:01.948,09/09/2026 17:48:01.948,OK,09/09/2026 17:48:01.948
WhatsApp Image 2026-09-09 at 18.06.52 (2).jpeg,09/09/2026,17:48:02.872,09/09/2026 17:48:02.872,OK,09/09/2026 17:48:02.872
WhatsApp Image 2026-09-09 at 18.06.52 (1).jpeg,09/09/2026,17:48:04.085,09/09/2026 17:48:04.085,OK,09/09/2026 17:48:04.085
WhatsApp Image 2026-09-09 at 18.06.53.jpeg,09/09/2026,17:48:05.136,09/09/2026 17:48:05.136,OK,09/09/2026 17:48:05.136
WhatsApp Image 2026-09-09 at 18.06.52.jpeg,09/09/2026,17:48:08.021,09/09/2026 17:48:08.021,OK,09/09/2026 17:48:08.021
WhatsApp Image 2026-09-09 at 18.06.51 (1).jpeg,09/09/2026,17:48:09.764,09/09/2026 17:48:09.764,OK,09/09/2026 17:48:09.764
WhatsApp Image 2026-09-09 at 18.06.50 (2).jpeg,09/09/2026,17:48:10.372,09/09/2026 17:48:10.372,OK,09/09/2026 17:48:10.372
WhatsApp Image 2026-09-09 at 18.06.51.jpeg,09/09/2026,17:48:11.573,09/09/2026 17:48:11.573,OK,09/09/2026 17:48:11.573
WhatsApp Image 2026-09-09 at 18.06.50 (3).jpeg,09/09/2026,17:48:13.713,09/09/2026 17:48:13.713,OK,09/09/2026 17:48:13.713
WhatsApp Image 2026-09-09 at 18.06.50 (1).jpeg,09/09/2026,17:48:51.792,09/09/2026 17:48:51.792,OK,09/09/2026 17:48:51.792
WhatsApp Image 2026-09-09 at 18.06.49 (4).jpeg,09/09/2026,17:48:52.699,09/09/2026 17:48:52.699,OK,09/09/2026 17:48:52.699
WhatsApp Image 2026-09-09 at 18.06.50.jpeg,09/09/2026,17:49:04.927,09/09/2026 17:49:04.927,OK,09/09/2026 17:49:04.927
WhatsApp Image 2026-09-09 at 18.06.49 (3).jpeg,09/09/2026,17:49:05.599,09/09/2026 17:49:05.599,OK,09/09/2026 17:49:05.599
WhatsApp Image 2026-09-09 at 18.06.49.jpeg,09/09/2026,17:49:09.988,09/09/2026 17:49:09.988,OK,09/09/2026 17:49:09.988
WhatsApp Image 2026-09-09 at 18.06.49 (2).jpeg,09/09/2026,17:49:10.718,09/09/2026 17:49:10.718,OK,09/09/2026 17:49:10.718
WhatsApp Image 2026-09-09 at 18.06.49 (1).jpeg,09/09/2026,17:49:24.688,09/09/2026 17:49:24.688,OK,09/09/2026 17:49:24.688
WhatsApp Image 2026-09-09 at 18.06.48.jpeg,09/09/2026,17:49:25.604,09/09/2026 17:49:25.604,OK,09/09/2026 17:49:25.604
WhatsApp Image 2026-09-09 at 18.06.47 (3).jpeg,09/09/2026,17:49:26.496,09/09/2026 17:49:26.496,OK,09/09/2026 17:49:26.496
WhatsApp Image 2026-09-09 at 18.06.47 (5).jpeg,09/09/2026,17:49:29.618,09/09/2026 17:49:29.618,OK,09/09/2026 17:49:29.618
WhatsApp Image 2026-09-09 at 18.06.47 (4).jpeg,09/09/2026,17:49:30.140,09/09/2026 17:49:30.140,OK,09/09/2026 17:49:30.140
WhatsApp Image 2026-09-09 at 18.06.47 (2).jpeg,09/09/2026,17:49:33.672,09/09/2026 17:49:33.672,OK,09/09/2026 17:49:33.672
WhatsApp Image 2026-09-09 at 18.06.46 (5).jpeg,09/09/2026,17:49:34.214,09/09/2026 17:49:34.214,OK,09/09/2026 17:49:34.214
WhatsApp Image 2026-09-09 at 18.06.47 (1).jpeg,09/09/2026,17:53:35.901,09/09/2026 17:53:35.901,OK,09/09/2026 17:53:35.901
WhatsApp Image 2026-09-09 at 18.06.47.jpeg,09/09/2026,17:53:36.579,09/09/2026 17:53:36.579,OK,09/09/2026 17:53:36.579
WhatsApp Image 2026-09-09 at 18.06.46 (4).jpeg,09/09/2026,17:53:37.109,09/09/2026 17:53:37.109,OK,09/09/2026 17:53:37.109
WhatsApp Image 2026-09-09 at 18.06.46 (1).jpeg,09/09/2026,17:53:58.934,09/09/2026 17:53:58.934,OK,09/09/2026 17:53:58.934
WhatsApp Image 2026-09-09 at 18.06.46 (3).jpeg,09/09/2026,17:54:00.193,09/09/2026 17:54:00.193,OK,09/09/2026 17:54:00.193
WhatsApp Image 2026-09-09 at 18.06.46 (2).jpeg,09/09/2026,17:54:01.521,09/09/2026 17:54:01.521,OK,09/09/2026 17:54:01.521
WhatsApp Image 2026-09-09 at 18.06.46.jpeg,09/09/2026,17:54:04.337,09/09/2026 17:54:04.337,OK,09/09/2026 17:54:04.337
WhatsApp Image 2026-09-09 at 18.06.45 (4).jpeg,09/09/2026,17:54:07.990,09/09/2026 17:54:07.990,OK,09/09/2026 17:54:07.990
WhatsApp Image 2026-09-09 at 18.06.45 (3).jpeg,09/09/2026,17:54:08.773,09/09/2026 17:54:08.773,OK,09/09/2026 17:54:08.773
WhatsApp Image 2026-09-09 at 18.06.45 (2).jpeg,09/09/2026,17:54:09.496,09/09/2026 17:54:09.496,OK,09/09/2026 17:54:09.496
WhatsApp Image 2026-09-09 at 18.06.45 (1).jpeg,09/09/2026,17:54:18.474,09/09/2026 17:54:18.474,OK,09/09/2026 17:54:18.474
WhatsApp Image 2026-09-09 at 18.06.45.jpeg,09/09/2026,17:54:31.727,09/09/2026 17:54:31.727,OK,09/09/2026 17:54:31.727
WhatsApp Image 2026-09-09 at 18.06.44 (2).jpeg,09/09/2026,17:54:33.063,09/09/2026 17:54:33.063,OK,09/09/2026 17:54:33.063
WhatsApp Image 2026-09-09 at 18.06.44 (1).jpeg,09/09/2026,17:54:34.173,09/09/2026 17:54:34.173,OK,09/09/2026 17:54:34.173
WhatsApp Image 2026-09-09 at 18.06.44.jpeg,09/09/2026,17:54:36.464,09/09/2026 17:54:36.464,OK,09/09/2026 17:54:36.464
WhatsApp Image 2026-09-09 at 18.06.41.jpeg,09/09/2026,17:54:46.254,09/09/2026 17:54:46.254,OK,09/09/2026 17:54:46.254
WhatsApp Image 2026-09-09 at 18.06.40 (2).jpeg,09/09/2026,17:58:35.367,09/09/2026 17:58:35.367,OK,09/09/2026 17:58:35.367
WhatsApp Image 2026-09-09 at 18.06.40.jpeg,09/09/2026,17:58:44.913,09/09/2026 17:58:44.913,OK,09/09/2026 17:58:44.913
WhatsApp Image 2026-09-09 at 18.06.40 (3).jpeg,09/09/2026,17:58:51.237,09/09/2026 17:58:51.237,OK,09/09/2026 17:58:51.237
WhatsApp Image 2026-09-09 at 18.06.40 (1).jpeg,09/09/2026,17:58:53.813,09/09/2026 17:58:53.813,OK,09/09/2026 17:58:53.813
WhatsApp Image 2026-09-09 at 18.06.39 (2).jpeg,09/09/2026,17:58:57.169,09/09/2026 17:58:57.169,OK,09/09/2026 17:58:57.169
WhatsApp Image 2026-09-09 at 18.06.39 (1).jpeg,09/09/2026,17:58:59.801,09/09/2026 17:58:59.801,OK,09/09/2026 17:58:59.801
WhatsApp Image 2026-09-09 at 18.06.39.jpeg,09/09/2026,17:59:01.335,09/09/2026 17:59:01.335,OK,09/09/2026 17:59:01.335
